﻿[
    {
      "ID": "f689cfd7-c306-470b-9974-f12eae08a3e5"
    },
    {
      "ID": "407f351b-3b3c-49d5-bb4c-a40af49897ac"
    },
    {
      "ID": "4cd24907-9346-45d2-9195-ac8b623329d6"
    },
    {
      "ID": "6df2b044-d946-4088-875f-9b013137902a"
    },
    {
      "ID": "bfa97634-d24c-49ee-ae0a-bd618e53e2f0"
    },
    {
      "ID": "10e6c75e-af41-46bf-ad68-e3ada643b75e"
    },
    {
      "ID": "f972eb8f-3412-4bd1-abb8-56456054d205"
    },
    {
      "ID": "ad820072-4ba4-4569-80d0-b88d4512e359"
    },
    {
      "ID": "8ed6b1f6-51d5-4efc-89cd-360c8afad287"
    },
    {
      "ID": "e2e8786d-58dd-4fb8-b759-44c6b41f713a"
    },
    {
      "ID": "ec03b941-2429-4913-9aea-1c916345f0b7"
    },
    {
      "ID": "46816931-61ae-4c3e-9862-a3162f21dbcd"
    },
    {
      "ID": "cd32a154-c28e-4b17-8858-ef82fc169c2e"
    },
    {
      "ID": "4776704b-e9ce-4e36-8de9-fdf4c4b1f2f4"
    },
    {
      "ID": "e769ba33-ca5d-4147-a35b-82bc294f4b31"
    },
    {
      "ID": "6f054c29-50af-4757-a480-027e03f8f00b"
    },
    {
      "ID": "7e742623-104f-4a0c-b7b8-ecf1b33c1690"
    },
    {
      "ID": "380b4ecf-4080-4ef6-b8e8-dd41cd0f7ffc"
    },
    {
      "ID": "42f01cc5-05a4-474a-a3b8-726cf407aeda"
    },
    {
      "ID": "24d1517a-ef1a-4c28-a4c4-f5362c86c9bf"
    },
    {
      "ID": "00a6a3c7-31c0-47c8-be17-7b6160edbd61"
    },
    {
      "ID": "de64a7fa-fc78-4e99-844f-d52db899a5c7"
    },
    {
      "ID": "8516ff61-ef9d-4a2d-8059-d207f379ab68"
    },
    {
      "ID": "a4202bef-ab7e-4806-a131-cee458fe04b9"
    },
    {
      "ID": "77fd51f3-f32c-43d5-83d3-f578f10e7e46"
    },
    {
      "ID": "3418696b-320f-4023-b395-36b721c6366c"
    },
    {
      "ID": "237d9016-3980-4bca-b3e0-2d8ee6025a63"
    },
    {
      "ID": "051d8d52-bd69-49cd-9509-1706812918f7"
    },
    {
      "ID": "88cbdd8c-c923-4bea-92e5-c8cb07e230c8"
    },
    {
      "ID": "d12d950f-25e9-4115-985b-be9ec0e29e92"
    },
    {
      "ID": "b2833fc0-72f4-4be0-a9cb-daf57d2b4694"
    },
    {
      "ID": "8c32a7f5-f7d1-4912-8c3b-a202ee60c42e"
    },
    {
      "ID": "30ee715e-2905-4b34-b545-2b5d0a30e485"
    },
    {
      "ID": "498c01ed-413e-42a4-828d-e8d3d87f75f8"
    },
    {
      "ID": "874fc186-f8f9-4d51-a961-e2c86d6c5c88"
    },
    {
      "ID": "303087e2-8c96-4718-aa6d-989d57e59506"
    },
    {
      "ID": "162cddac-a0fa-403e-bbc4-43606925ad6d"
    },
    {
      "ID": "6dad5196-fbd4-401f-8b9a-ce9d9bb780c4"
    }
  ]